id,name,street,zipcode,city,latitude,longitude,address,city_center
11,"Parkhaus Bahnhofsgarage","Bahnhofs-Garage, Theodor-Heuss-Platz",49074,"Osnabrück",52.2714829,8.059507,"Bahnhofs-Garage, Theodor-Heuss-Platz, 49074 Osnabrück",1
13,"Parkplatz Berliner Platz","Parkplatz Berliner Platz, Kleiststraße",49074,"Osnabrück",52.276016,8.053614,"Parkplatz Berliner Platz, Kleiststraße, 49074 Osnabrück",1
16,"Parkplatz Kunsthalle Dominikanerkirche","Parkplatz, Hasemauer 3",49074,"Osnabrück",52.279661,8.040564,"Parkplatz, Hasemauer 3, 49074 Osnabrück",1
17,"Parkhaus Altstadtgarage","Lohstraße 11",49074,"Osnabrück",52.278756,8.041294,"Lohstraße 11, 49074 Osnabrück",1
18,"Parkplatz Haarmannsbrunnen","Haarmannsbrunnen, Herrenteichswall 2",49074,"Osnabrück",52.276018,8.048747,"Haarmannsbrunnen, Herrenteichswall 2, 49074 Osnabrück",1
19,"Parkplatz Kinderhospital am Schölerberg","Kinderhospital Osnabrück, Iburger Str. 187",49082,"Osnabrück",52.251954,8.062869,"Kinderhospital Osnabrück, Iburger Str. 187, 49082 Osnabrück",0
21,"Parkhaus Neustadt-Carré","Neustadt Carré, Kommenderiestraße",49074,"Osnabrück",52.268042,8.050286,"Neustadt Carré, Kommenderiestraße, 49074 Osnabrück",1
22,"Parkhaus Kollegienwall-Garage","Am Landgericht 2",49074,"Osnabrück",52.271952,8.051323,"Am Landgericht 2, 49074 Osnabrück",1
23,"Parkhaus Ledenhof-Garage","Ledenhof-Garage, Alte Münze 18",49074,"Osnabrück",52.272644,8.04474,"Ledenhof-Garage, Alte Münze 18, 49074 Osnabrück",1
24,"Parkhaus Nikolai-Garage","Nikolai-Garage, Hakenstraße 5",49074,"Osnabrück",52.274962,8.042839,"Nikolai-Garage, Hakenstraße 5, 49074 Osnabrück",0
25,"Parkplatz Stüvestraße","Stüvestraße 34",49076,"Osnabrück",52.283763,8.038284,"Stüvestraße 34, 49076 Osnabrück",0
26,"Parkplatz Schlosswallhalle","Stellplatz Osnabrück City, Schnatgang 6",49080,"Osnabrück",52.270871,8.040123,"Stellplatz Osnabrück City, Schnatgang 6, 49080 Osnabrück",1
27,"Parkhaus Salzmarkt-Garage","Salzmarkt-Garage, Holtstraße 37",49074,"Osnabrück",52.268722,8.055086,"Salzmarkt-Garage, Holtstraße 37, 49074 Osnabrück",1
28,"Parkhaus Stadthaus-Garage","Stadthaus-Garage, Natruper-Tor-Wall 2",49076,"Osnabrück",52.278044,8.037697,"Stadthaus-Garage, Natruper-Tor-Wall 2, 49076 Osnabrück",1
29,"Parkplatz Stadthaus","Stadthaus-Garage, Natruper-Tor-Wall 2",49076,"Osnabrück",52.278156,8.037495,"Stadthaus-Garage, Natruper-Tor-Wall 2, 49076 Osnabrück",1
30,"Parkhaus Vitihof-Garage","Vitihof-Garage, Gerberhof 10",49074,"Osnabrück",52.280237,8.042148,"Vitihof-Garage, Gerberhof 10, 49074 Osnabrück",1
31,"Parkplatz Karl-Bücher-Straße","Karl-Bücher-Straße",49074,"Osnabrück",52.270644,8.055333,"Karl-Bücher-Straße, 49074 Osnabrück",0
32,"Parkhaus Sparkasse","Schillerstraße 21",49074,"Osnabrück",52.275491,8.05045,"Schillerstraße 21, 49074 Osnabrück",1
33,"Parkplatz Heinrich-Heine-Straße","Heinrich-Heine-Straße",49074,"Osnabrück",52.272313,8.056268,"Heinrich-Heine-Straße, 49074 Osnabrück",1
34,"Parkhaus Lotter Straße","Parkhaus Lotter Straße, Am Kirchenkamp 3",49078,"Osnabrück",52.274112,8.028403,"Parkhaus Lotter Straße, Am Kirchenkamp 3, 49078 Osnabrück",0
35,"Parkhaus Cinema Arthouse","Karlstraße 8",49074,"Osnabrück",52.277859,8.050225,"Karlstraße 8, 49074 Osnabrück",1
36,"Parkhaus L&T","Herrenteich Straße",49074,"Osnabrück",52.2760598937763,8.04663631798619,"Herrenteich Straße, 49074 Osnabrück",1
37,"Tiefgarage L&T","Herrenteich Straße",49074,"Osnabrück",52.2760522376336,8.04664257446002,"Herrenteich Straße, 49074 Osnabrück",1
38,"Parkplatz Stresemannplatz","Schlagvorder Straße",49074,"Osnabrück",52.2737128,8.0543955,"Schlagvorder Straße, 49074 Osnabrück",1
39,"Christliches Krankenhaus Quakenbrück P1","Danziger Straße 2",49610,"Quakenbrück",52.6682583,7.936747,"Danziger Straße 2, 49610 Quakenbrück",0
40,"Christliches Krankenhaus Quakenbrück P2","Danziger Straße 2",49610,"Quakenbrück",52.6684928,7.9406494,"Danziger Straße 2, 49610 Quakenbrück",0
41,"Parkplatz carpesol","Frankfurter Str. 15",49214,"Bad Rothenfelde",52.1063291,8.1637658,"Frankfurter Str. 15, 49214 Bad Rothenfelde",0
43,"Parkplatz P1 Klinikum OS","Am Finkenhügel 1",49076,"Osnabrück",52.275563,8.005492,"Am Finkenhügel 1, 49076 Osnabrück",0
44,"Parkplatz P2 Klinikum OS","Am Finkenhügel 1",49076,"Osnabrück",52.277959,8.005674,"Am Finkenhügel 1, 49076 Osnabrück",0
45,"Parkplatz P3 Klinikum OS","Am Finkenhügel 1",49076,"Osnabrück",52.279089,8.00509,"Am Finkenhügel 1, 49076 Osnabrück",0
46,"Parkplatz P4 Klinikum OS","Am Finkenhügel 1",49076,"Osnabrück",52.280356,8.004915,"Am Finkenhügel 1, 49076 Osnabrück",0
